{
	"info": {
		"_postman_id": "5991ced4-6d03-47da-be31-bb2062fb9156",
		"name": "Guardian Bank",
		"schema": "https://schema.getpostman.com/json/collection/v2.1.0/collection.json"
	},
	"item": [
		{
			"name": "Login",
			"item": [
				{
					"name": "Cadastro Usuario",
					"request": {
						"method": "POST",
						"header": [],
						"body": {
							"mode": "raw",
							"raw": "{\r\n    \"email\": \"luisa@gmail.com\",\r\n    \"senha\": \"Angeles@20\"\r\n}",
							"options": {
								"raw": {
									"language": "json"
								}
							}
						},
						"url": {
							"raw": "localhost:8080/usuario",
							"host": [
								"localhost"
							],
							"port": "8080",
							"path": [
								"usuario"
							]
						}
					},
					"response": []
				},
				{
					"name": "Usuario Login",
					"request": {
						"method": "POST",
						"header": [],
						"body": {
							"mode": "raw",
							"raw": "{\r\n    \"email\": \"luisa@gmail.com\",\r\n    \"senha\": \"Angeles@20\"\r\n}",
							"options": {
								"raw": {
									"language": "json"
								}
							}
						},
						"url": {
							"raw": "localhost:8080/login",
							"host": [
								"localhost"
							],
							"port": "8080",
							"path": [
								"login"
							]
						}
					},
					"response": []
				}
			]
		},
		{
			"name": "Proposta",
			"item": [
				{
					"name": "Listar Proposta 3 Opcoes",
					"request": {
						"method": "GET",
						"header": [
							{
								"key": "Authorization",
								"value": "Token eyJhbGciOiJIUzUxMiJ9.eyJzdWIiOiJsdWlzYUBnbWFpbC5jb20iLCJpZFVzdWFyaW8iOiI0MDI4ODBlNjdlZTM4Njg3MDE3ZWUzODcwNWNjMDAwMCIsImV4cCI6MTY0NDUwMDc4Nn0.PRdAspgjNTgwBACenGQFuNA_lP81uCeW4o4FNXUkYpVBnB9B4n4SPJkkftd-TsORUi-oO5ImFh_DoWccuBI2uA",
								"type": "text"
							}
						],
						"url": {
							"raw": "localhost:8080/propostas/1",
							"host": [
								"localhost"
							],
							"port": "8080",
							"path": [
								"propostas",
								"1"
							]
						}
					},
					"response": []
				},
				{
					"name": "Listar Proposta 1 Opcao",
					"request": {
						"method": "GET",
						"header": [
							{
								"key": "Authorization",
								"value": "Token eyJhbGciOiJIUzUxMiJ9.eyJzdWIiOiJsdWlzYUBnbWFpbC5jb20iLCJpZFVzdWFyaW8iOiI0MDI4ODBlNjdlZTM4Njg3MDE3ZWUzODcwNWNjMDAwMCIsImV4cCI6MTY0NDUwMDc4Nn0.PRdAspgjNTgwBACenGQFuNA_lP81uCeW4o4FNXUkYpVBnB9B4n4SPJkkftd-TsORUi-oO5ImFh_DoWccuBI2uA",
								"type": "text"
							}
						],
						"url": {
							"raw": "localhost:8080/propostas/6",
							"host": [
								"localhost"
							],
							"port": "8080",
							"path": [
								"propostas",
								"6"
							]
						}
					},
					"response": []
				},
				{
					"name": "Listar Proposta Status Reprovado",
					"request": {
						"method": "GET",
						"header": [
							{
								"key": "Authorization",
								"value": "Token eyJhbGciOiJIUzUxMiJ9.eyJzdWIiOiJsdWlzYUBnbWFpbC5jb20iLCJpZFVzdWFyaW8iOiI0MDI4ODBlNjdlZTM4OTZhMDE3ZWUzODk5Nzg4MDAwMCIsImV4cCI6MTY0NDUwMzk1NX0.I7CiN_K_RERXyz93JoJ2o5VmiMN0olMCR71Nx5-ddmV7C2qPPnki8Le2QNNVAKoFR4GVQa5Ax0SrclYPSntVOA",
								"type": "text"
							}
						],
						"url": {
							"raw": "localhost:8080/propostas/2",
							"host": [
								"localhost"
							],
							"port": "8080",
							"path": [
								"propostas",
								"2"
							]
						}
					},
					"response": []
				},
				{
					"name": "Listar Proposta Data fora do Limite",
					"request": {
						"method": "GET",
						"header": [
							{
								"key": "Authorization",
								"value": "Token eyJhbGciOiJIUzUxMiJ9.eyJzdWIiOiJsdWlzYUBnbWFpbC5jb20iLCJpZFVzdWFyaW8iOiI0MDI4ODBlNjdlZTM4OTZhMDE3ZWUzODk5Nzg4MDAwMCIsImV4cCI6MTY0NDUwMzk1NX0.I7CiN_K_RERXyz93JoJ2o5VmiMN0olMCR71Nx5-ddmV7C2qPPnki8Le2QNNVAKoFR4GVQa5Ax0SrclYPSntVOA",
								"type": "text"
							}
						],
						"url": {
							"raw": "localhost:8080/propostas/4",
							"host": [
								"localhost"
							],
							"port": "8080",
							"path": [
								"propostas",
								"4"
							]
						}
					},
					"response": []
				},
				{
					"name": "Listar Proposta Producto Nao Listado",
					"request": {
						"method": "GET",
						"header": [
							{
								"key": "Authorization",
								"value": "Token eyJhbGciOiJIUzUxMiJ9.eyJzdWIiOiJsdWlzYUBnbWFpbC5jb20iLCJpZFVzdWFyaW8iOiI0MDI4ODBlNjdlZTM4OTZhMDE3ZWUzODk5Nzg4MDAwMCIsImV4cCI6MTY0NDUwMzk1NX0.I7CiN_K_RERXyz93JoJ2o5VmiMN0olMCR71Nx5-ddmV7C2qPPnki8Le2QNNVAKoFR4GVQa5Ax0SrclYPSntVOA",
								"type": "text"
							}
						],
						"url": {
							"raw": "localhost:8080/propostas/5",
							"host": [
								"localhost"
							],
							"port": "8080",
							"path": [
								"propostas",
								"5"
							]
						}
					},
					"response": []
				}
			]
		},
		{
			"name": "InfoPagamento",
			"item": [
				{
					"name": "Cadastrar InfoPagamento Especial",
					"request": {
						"auth": {
							"type": "noauth"
						},
						"method": "POST",
						"header": [
							{
								"key": "Authorization",
								"value": "Token eyJhbGciOiJIUzUxMiJ9.eyJzdWIiOiJsdWlzYUBnbWFpbC5jb20iLCJpZFVzdWFyaW8iOiI0MDI4ODBlNjdlZTM1Y2E3MDE3ZWUzNWU2OGM4MDAwMCIsImV4cCI6MTY0NDQ5ODEyNX0.lBkLUi24O_xXZri5T3slTHY2gUH3Te9BA72Ggfj2gEXt1YNSmOcYBKJ8oToSvkvn5Fe0J5MdAMDKF5409L55cA",
								"type": "text"
							}
						],
						"body": {
							"mode": "raw",
							"raw": "{\r\n    \"numeroProposta\": \"1\",\r\n    \"qtdadeParcelas\": 4,\r\n    \"tipoDeParcela\": \"ESPECIAL\"\r\n}",
							"options": {
								"raw": {
									"language": "json"
								}
							}
						},
						"url": {
							"raw": "localhost:8080/infos",
							"host": [
								"localhost"
							],
							"port": "8080",
							"path": [
								"infos"
							]
						}
					},
					"response": []
				},
				{
					"name": "Cadastro InfoPagamento Regular",
					"request": {
						"auth": {
							"type": "noauth"
						},
						"method": "POST",
						"header": [
							{
								"key": "Authorization",
								"value": "Token eyJhbGciOiJIUzUxMiJ9.eyJzdWIiOiJsdWlzYUBnbWFpbC5jb20iLCJpZFVzdWFyaW8iOiI0MDI4ODBlNjdlZTM4OTZhMDE3ZWUzODk5Nzg4MDAwMCIsImV4cCI6MTY0NDUwMzk1NX0.I7CiN_K_RERXyz93JoJ2o5VmiMN0olMCR71Nx5-ddmV7C2qPPnki8Le2QNNVAKoFR4GVQa5Ax0SrclYPSntVOA",
								"type": "text"
							}
						],
						"body": {
							"mode": "raw",
							"raw": "{\r\n    \"numeroProposta\": \"1\",\r\n    \"qtdadeParcelas\": 4,\r\n    \"tipoDeParcela\": \"REGULAR\"\r\n}",
							"options": {
								"raw": {
									"language": "json"
								}
							}
						},
						"url": {
							"raw": "localhost:8080/infos",
							"host": [
								"localhost"
							],
							"port": "8080",
							"path": [
								"infos"
							]
						}
					},
					"response": []
				},
				{
					"name": "Cadastro Info Especial não permitida",
					"request": {
						"auth": {
							"type": "noauth"
						},
						"method": "POST",
						"header": [
							{
								"key": "Authorization",
								"value": "Token eyJhbGciOiJIUzUxMiJ9.eyJzdWIiOiJsdWlzYUBnbWFpbC5jb20iLCJpZFVzdWFyaW8iOiI0MDI4ODBlNjdlZTM1Y2E3MDE3ZWUzNWU2OGM4MDAwMCIsImV4cCI6MTY0NDQ5ODEyNX0.lBkLUi24O_xXZri5T3slTHY2gUH3Te9BA72Ggfj2gEXt1YNSmOcYBKJ8oToSvkvn5Fe0J5MdAMDKF5409L55cA",
								"type": "text"
							}
						],
						"body": {
							"mode": "raw",
							"raw": "{\r\n    \"numeroProposta\": \"6\",\r\n    \"qtdadeParcelas\": 8,\r\n    \"tipoDeParcela\": \"ESPECIAL\"\r\n}",
							"options": {
								"raw": {
									"language": "json"
								}
							}
						},
						"url": {
							"raw": "localhost:8080/infos",
							"host": [
								"localhost"
							],
							"port": "8080",
							"path": [
								"infos"
							]
						}
					},
					"response": []
				},
				{
					"name": "Exibir Info de Pagamento",
					"protocolProfileBehavior": {
						"disableBodyPruning": true
					},
					"request": {
						"auth": {
							"type": "noauth"
						},
						"method": "GET",
						"header": [
							{
								"key": "Authorization",
								"value": "Token eyJhbGciOiJIUzUxMiJ9.eyJzdWIiOiJsdWlzYUBnbWFpbC5jb20iLCJpZFVzdWFyaW8iOiI0MDI4ODBlNjdlZTA1MjE5MDE3ZWUwNTI5ZDRlMDAwMCIsImV4cCI6MTY0NDQ0NzAyMH0.M_8k4MOkH0Hv0DPfo_uLM5V-9vYuVcNN3TdAfjpBTIxaoGxy6UO9OsH2k1KYDjMZb5XAzRLzgxF4dJBvdasEEw",
								"type": "text"
							}
						],
						"body": {
							"mode": "raw",
							"raw": "",
							"options": {
								"raw": {
									"language": "json"
								}
							}
						},
						"url": {
							"raw": "localhost:8080/infos",
							"host": [
								"localhost"
							],
							"port": "8080",
							"path": [
								"infos"
							]
						}
					},
					"response": []
				},
				{
					"name": "Atualizar InfoPagamento",
					"request": {
						"auth": {
							"type": "noauth"
						},
						"method": "PUT",
						"header": [
							{
								"key": "Authorization",
								"value": "Token eyJhbGciOiJIUzUxMiJ9.eyJzdWIiOiJsdWlzYUBnbWFpbC5jb20iLCJpZFVzdWFyaW8iOiI0MDI4ODBlNjdlZTA1MjE5MDE3ZWUwNTI5ZDRlMDAwMCIsImV4cCI6MTY0NDQ0NzAyMH0.M_8k4MOkH0Hv0DPfo_uLM5V-9vYuVcNN3TdAfjpBTIxaoGxy6UO9OsH2k1KYDjMZb5XAzRLzgxF4dJBvdasEEw",
								"type": "text"
							}
						],
						"body": {
							"mode": "raw",
							"raw": "{\r\n    \"qtdadeDeParcelas\": 4,\r\n    \"tipoDeParcela\":\"REGULAR\"\r\n}",
							"options": {
								"raw": {
									"language": "json"
								}
							}
						},
						"url": {
							"raw": "localhost:8080/infos/402880e67ee055c8017ee05761350002",
							"host": [
								"localhost"
							],
							"port": "8080",
							"path": [
								"infos",
								"402880e67ee055c8017ee05761350002"
							]
						}
					},
					"response": []
				},
				{
					"name": "Exibir Info de Pagamento por parcelas",
					"protocolProfileBehavior": {
						"disableBodyPruning": true
					},
					"request": {
						"auth": {
							"type": "noauth"
						},
						"method": "GET",
						"header": [
							{
								"key": "Authorization",
								"value": "Token eyJhbGciOiJIUzUxMiJ9.eyJzdWIiOiJsdWlzYUBnbWFpbC5jb20iLCJpZFVzdWFyaW8iOiI0MDI4ODBlNjdlZTA1MjE5MDE3ZWUwNTI5ZDRlMDAwMCIsImV4cCI6MTY0NDQ0NzAyMH0.M_8k4MOkH0Hv0DPfo_uLM5V-9vYuVcNN3TdAfjpBTIxaoGxy6UO9OsH2k1KYDjMZb5XAzRLzgxF4dJBvdasEEw",
								"type": "text"
							}
						],
						"body": {
							"mode": "raw",
							"raw": "",
							"options": {
								"raw": {
									"language": "json"
								}
							}
						},
						"url": {
							"raw": "localhost:8080/infos?qtdadeDeParcelas=4",
							"host": [
								"localhost"
							],
							"port": "8080",
							"path": [
								"infos"
							],
							"query": [
								{
									"key": "qtdadeDeParcelas",
									"value": "4"
								}
							]
						}
					},
					"response": []
				},
				{
					"name": "Cadastrar InfoPagamento 12",
					"request": {
						"auth": {
							"type": "noauth"
						},
						"method": "POST",
						"header": [
							{
								"key": "Authorization",
								"value": "Token eyJhbGciOiJIUzUxMiJ9.eyJzdWIiOiJsdWlzYUBnbWFpbC5jb20iLCJpZFVzdWFyaW8iOiI0MDI4ODBlNjdlZTM1Y2E3MDE3ZWUzNWU2OGM4MDAwMCIsImV4cCI6MTY0NDQ5ODEyNX0.lBkLUi24O_xXZri5T3slTHY2gUH3Te9BA72Ggfj2gEXt1YNSmOcYBKJ8oToSvkvn5Fe0J5MdAMDKF5409L55cA",
								"type": "text"
							}
						],
						"body": {
							"mode": "raw",
							"raw": "{\r\n    \"numeroProposta\": \"6\",\r\n    \"qtdadeParcelas\": 12,\r\n    \"tipoDeParcela\": \"ESPECIAL\"\r\n}",
							"options": {
								"raw": {
									"language": "json"
								}
							}
						},
						"url": {
							"raw": "localhost:8080/infos",
							"host": [
								"localhost"
							],
							"port": "8080",
							"path": [
								"infos"
							]
						}
					},
					"response": []
				}
			]
		}
	]
}